{
    "$schema": "https://schema.management.azure.com/schemas/0.1.2-preview/CreateUIDefinition.MultiVm.json#",
    "handler": "Microsoft.Azure.CreateUIDef",
    "version": "0.1.2-preview",
    "parameters": {
        "basics": [
            {
                "name": "CustomerSpecificParameters",
                "type": "Microsoft.Common.Section",
                "label": "Customer specific parameters section",
                "elements": [
                    {
                        "name": "CustomerInfoMessage",
                        "type": "Microsoft.Common.InfoBox",
                        "visible": true,
                        "options": {
                            "icon": "Info",
                            "text": "Specify the customer parameters here."
                        }
                    },
                    {
                        "name": "announcement",
                        "type": "Microsoft.Common.TextBlock",
                        "visible": true,
                        "options": {
                            "text": "Customer parameters includes the customer name and the customer shortname. Using Ironstone as the customer, the customer name is [ironstone] and the shortname is [ist].",
                            "link": {
                                "label": "Learn more",
                                "uri": "https://www.microsoft.com"
                            }
                        }
                    },
                    {
                        "name": "CustomerName",
                        "type": "Microsoft.Common.TextBox",
                        "label": "Customer Name",
                        "defaultValue": "",
                        "toolTip": "Name of customer",
                        "constraints": {
                            "required": true,
                            "regex": "^[a-z0-9A-Z]{1,30}$",
                            "validationMessage": "Only alphanumeric characters are allowed, and the value must be 1-30 characters long."
                        }
                    },
                    {
                        "name": "CustomerShortname",
                        "type": "Microsoft.Common.TextBox",
                        "label": "Customer Shortname",
                        "defaultValue": "",
                        "toolTip": "Customer's Abbreviation",
                        "constraints": {
                            "required": true,
                            "regex": "^[a-z0-9A-Z]{1,30}$",
                            "validationMessage": "Only alphanumeric characters are allowed, and the value must be 1-30 characters long."
                        }
                    }
                ],
                "visible": true
            },
            {
                "name": "GeneralParameterSection",
                "type": "Microsoft.Common.Section",
                "label": "General parameters",
                "elements": [
                    {
                        "name": "GeneralInfoMessage",
                        "type": "Microsoft.Common.InfoBox",
                        "visible": true,
                        "options": {
                            "icon": "Info",
                            "text": "Specify the customer parameters here."
                        }
                    },
                    {
                        "name": "GeneralAnnouncement",
                        "type": "Microsoft.Common.TextBlock",
                        "visible": true,
                        "options": {
                            "text": "Customer parameters includes the customer name and the customer shortname. Using Ironstone as the customer, the customer name is [ironstone] and the shortname is [ist].",
                            "link": {
                                "label": "Learn more",
                                "uri": "https://www.microsoft.com"
                            }
                        }
                    },
                    {
                        "name": "Environment",
                        "type": "Microsoft.Common.TextBox",
                        "label": "Environment",
                        "defaultValue": "prod",
                        "toolTip": "Name of customer",
                        "constraints": {
                            "required": true,
                            "regex": "^[a-z0-9A-Z]{1,30}$",
                            "validationMessage": "Only alphanumeric characters are allowed, and the value must be 1-30 characters long."
                        }
                    },
                    {
                        "name": "EnvironmentCategory",
                        "type": "Microsoft.Common.OptionsGroup",
                        "label": "Environment Category",
                        "defaultValue": "",
                        "toolTip": "Environment Category",
                        "constraints": {
                            "allowedValues": [
                                {
                                    "label": "hub",
                                    "value": "hub"
                                },
                                {
                                    "label": "dev",
                                    "value": "dev"
                                },
                                {
                                    "label": "prod",
                                    "value": "prod"
                                }
                            ],
                            "required": true
                        },
                        "visible": true
                    },
                    {
                        "name": "BackupSolutionName",
                        "type": "Microsoft.Common.TextBox",
                        "label": "Backup Solution Name",
                        "defaultValue": "backup",
                        "toolTip": "Management Backup SolutionName",
                        "constraints": {
                            "required": true,
                            "regex": "^[a-z0-9A-Z]{1,30}$",
                            "validationMessage": "Only alphanumeric characters are allowed, and the value must be 1-30 characters long."
                        }
                    },
                    {
                        "name": "AutomationSolutionName",
                        "type": "Microsoft.Common.TextBox",
                        "label": "Automation Solution Name",
                        "defaultValue": "automation",
                        "toolTip": "Management Automation SolutionName",
                        "constraints": {
                            "required": true,
                            "regex": "^[a-z0-9A-Z]{1,30}$",
                            "validationMessage": "Only alphanumeric characters are allowed, and the value must be 1-30 characters long."
                        }
                    },
                    {
                        "name": "LogSolutionName",
                        "type": "Microsoft.Common.TextBox",
                        "label": "Logging Solution Name",
                        "defaultValue": "log",
                        "toolTip": "Management Log SolutionName",
                        "constraints": {
                            "required": true,
                            "regex": "^[a-z0-9A-Z]{1,30}$",
                            "validationMessage": "Only alphanumeric characters are allowed, and the value must be 1-30 characters long."
                        }
                    },
                    {
                        "name": "VaultSolutionName",
                        "type": "Microsoft.Common.TextBox",
                        "label": "Vault Solution Name",
                        "defaultValue": "vault",
                        "toolTip": "Management Vault SolutionName",
                        "constraints": {
                            "required": true,
                            "regex": "^[a-z0-9A-Z]{1,30}$",
                            "validationMessage": "Only alphanumeric characters are allowed, and the value must be 1-30 characters long."
                        }
                    },
                    {
                        "name": "NetworkSolutionName",
                        "type": "Microsoft.Common.TextBox",
                        "label": "Network Solution Name",
                        "defaultValue": "network",
                        "toolTip": "Network Solution Name",
                        "constraints": {
                            "required": true,
                            "regex": "^[a-z0-9A-Z]{1,30}$",
                            "validationMessage": "Only alphanumeric characters are allowed, and the value must be 1-30 characters long."
                        }
                    }
                ],
                "visible": true
            }
        ],
        "steps": [
            {
                "name": "ManagementRecoveryServiceConfigBlade",
                "label": "Management Recovery Service Vault",
                "bladeTitle": "Management Recovery Service Vault",
                "elements": [
                    {
                        "name": "infoMessage",
                        "type": "Microsoft.Common.InfoBox",
                        "visible": true,
                        "options": {
                            "icon": "Info",
                            "text": "Welcome to the Azure Ice Cream Shop"
                        }
                    },
                    {
                        "name": "RecoveryServiceVaultName",
                        "type": "Microsoft.Common.TextBox",
                        "label": "Recovery Service Vault Name",
                        "defaultValue": "[concat('rsv','-',basics('CustomerSpecificParameters').CustomerShortname,'-','p','-','hub','-','mgmt','-',basics('GeneralParameterSection').BackupSolutionName)]",
                        "toolTip": "Name of management recovery service vault",
                        "constraints": {
                            "required": true,
                            "regex": "^[a-z0-9A-Z]{1,30}$",
                            "validationMessage": "Only alphanumeric characters are allowed, and the value must be 1-30 characters long."
                        }
                    },
                    {
                        "name": "rsvStorageType",
                        "type": "Microsoft.Common.DropDown",
                        "label": "Rsv Storage Type",
                        "defaultValue": "LocallyRedundant",
                        "toolTip": "Environment Category",
                        "constraints": {
                            "required": false,
                            "allowedValues": [
                                {
                                    "label": "LocallyRedundant",
                                    "value": "LocallyRedundant"
                                },
                                {
                                    "label": "GeoRedundant",
                                    "value": "GeoRedundant"
                                },
                                {
                                    "label": "ReadAccessGeoZoneRedundant",
                                    "value": "ReadAccessGeoZoneRedundant"
                                },
                                {
                                    "label": "ZoneRedundant",
                                    "value": "ZoneRedundant"
                                }
                            ]
                        },
                        "visible": true
                    },
                    {
                        "name": "rsvSku",
                        "type": "Microsoft.Common.TextBox",
                        "label": "Rsv Sku",
                        "defaultValue": "Standard",
                        "toolTip": "rsvSku",
                        "constraints": {
                            "required": false,
                            "regex": "^[a-z0-9A-Z]{1,30}$",
                            "validationMessage": "Only alphanumeric characters are allowed, and the value must be 1-30 characters long."
                        },
                        "visible": true
                    }
                ]
            },
            {
                "name": "ManagementAutomationAccountConfigBlade",
                "label": "Management Automation Account",
                "bladeTitle": "Management Automation Account",
                "elements": [
                    {
                        "name": "AutomationAccountName",
                        "type": "Microsoft.Common.TextBox",
                        "label": "Automation Account Name",
                        "defaultValue": "[concat('aac','-',basics('CustomerSpecificParameters').CustomerShortname,'-','p','-','hub','-','mgmt','-',basics('GeneralParameterSection').AutomationSolutionName)]",
                        "toolTip": "Automation account name. - DEFAULT VALUE: alz-automation-account",
                        "constraints": {
                            "required": false,
                            "regex": "^[a-z0-9A-Z]{1,30}$",
                            "validationMessage": "Only alphanumeric characters are allowed, and the value must be 1-30 characters long."
                        },
                        "visible": true
                    }
                ]
            },
            {
                "name": "ManagementLogAnalyticsConfigBlade",
                "label": "Management Log Analytics Workspace",
                "bladeTitle": "Management Automation Workspace",
                "elements": [
                    {
                        "name": "ManagementLogAnalyticsWorkspaceName",
                        "type": "Microsoft.Common.TextBox",
                        "label": "Management Log Analytics Workspace Name",
                        "defaultValue": "[concat('law','-',basics('CustomerSpecificParameters').CustomerShortname,'-','p','-','hub','-','mgmt','-',basics('GeneralParameterSection').LogSolutionName)]",
                        "toolTip": "Name of Management Log Analytics Workspace",
                        "constraints": {
                            "required": true,
                            "regex": "^[a-z0-9A-Z]{1,30}$",
                            "validationMessage": "Only alphanumeric characters are allowed, and the value must be 1-30 characters long."
                        }
                    },
                    {
                        "name": "LogAnalyticsWorkspaceSkuName",
                        "type": "Microsoft.Common.DropDown",
                        "label": "Log Analytics Workspace Sku Name",
                        "defaultValue": "PerGB2018",
                        "toolTip": "Log Analytics Workspace sku name. - DEFAULT VALUE: PerGB2018",
                        "constraints": {
                            "required": false,
                            "allowedValues": [
                                {
                                    "label": "CapacityReservation",
                                    "value": "CapacityReservation"
                                },
                                {
                                    "label": "Free",
                                    "value": "Free"
                                },
                                {
                                    "label": "LACluster",
                                    "value": "LACluster"
                                },
                                {
                                    "label": "PerGB2018",
                                    "value": "PerGB2018"
                                },
                                {
                                    "label": "PerNode",
                                    "value": "PerNode"
                                },
                                {
                                    "label": "Premium",
                                    "value": "Premium"
                                },
                                {
                                    "label": "Standalone",
                                    "value": "Standalone"
                                },
                                {
                                    "label": "Standard",
                                    "value": "Standard"
                                }
                            ]
                        },
                        "visible": true
                    },
                    {
                        "name": "LogAnalyticsWorkspaceLogRetentionInDays",
                        "type": "Microsoft.Common.TextBox",
                        "label": "Log Analytics Workspace Log Retention In Days",
                        "defaultValue": "365",
                        "toolTip": "Number of days of log retention for Log Analytics Workspace. - DEFAULT VALUE: 365",
                        "constraints": {
                            "required": false,
                            "regex": "^[a-z0-9A-Z]{1,30}$",
                            "validationMessage": "Only alphanumeric characters are allowed, and the value must be 1-30 characters long."
                        },
                        "visible": true
                    }
                ]
            },
            {
                "name": "ManagementKeyVaultConfigBlade",
                "label": "Management Key Vault",
                "bladeTitle": "Management Key Vault",
                "elements": [
                    {
                        "name": "ManagementKeyVaultName",
                        "type": "Microsoft.Common.TextBox",
                        "label": "Management Key Vault Name",
                        "defaultValue": "[concat('kv','-',basics('CustomerSpecificParameters').CustomerShortname,'-','p','-','hub','-','mgmt','-',basics('GeneralParameterSection').VaultSolutionName)]",
                        "toolTip": "Name of Management Key Vault",
                        "constraints": {
                            "required": true,
                            "regex": "^[a-z0-9A-Z]{1,30}$",
                            "validationMessage": "Only alphanumeric characters are allowed, and the value must be 1-30 characters long."
                        }
                    },
                    {
                        "name": "keyVaultSku",
                        "type": "Microsoft.Common.TextBox",
                        "label": "Key Vault Sku",
                        "defaultValue": "Standard",
                        "toolTip": "Key Vault SKU name.",
                        "constraints": {
                            "required": false,
                            "regex": "^[a-z0-9A-Z]{1,30}$",
                            "validationMessage": "Only alphanumeric characters are allowed, and the value must be 1-30 characters long."
                        },
                        "visible": true
                    }
                ]
            },
            {
                "name": "ManagementSentinelConfigBlade",
                "label": "Management Sentinel Workspace",
                "bladeTitle": "Management Sentinel Workspace",
                "elements": [
                    {
                        "name": "ManagementSentinelWorkspaceName",
                        "type": "Microsoft.Common.TextBox",
                        "label": "Management Sentinel Workspace Name",
                        "defaultValue": "[concat('sen','-',basics('CustomerSpecificParameters').CustomerShortname,'-','p','-','hub','-','mgmt','-',basics('GeneralParameterSection').LogSolutionName)]",
                        "toolTip": "Name of Management Sentinel Workspace",
                        "constraints": {
                            "required": true,
                            "regex": "^[a-z0-9A-Z]{1,30}$",
                            "validationMessage": "Only alphanumeric characters are allowed, and the value must be 1-30 characters long."
                        }
                    }
                ]
            },
            {
                "name": "ManagementNetworkConfigBlade",
                "label": "Management Network",
                "bladeTitle": "Management Network",
                "elements": [
                    {
                        "name": "vnet",
                        "type": "Microsoft.Network.VirtualNetworkCombo",
                        "label": {
                            "virtualNetwork": "Virtual network",
                            "subnets": "Subnets"
                        },
                        "toolTip": {
                            "virtualNetwork": "virtualNetwork",
                            "subnets": "subnets"
                        },
                        "defaultValue": {
                            "name": "[concat('vnet','-',basics('CustomerSpecificParameters').CustomerShortname,'-','p','-','hub','-','mgmt','-',basics('GeneralParameterSection').NetworkSolutionName)]",
                            "addressPrefixSize": "/16"
                        },
                        "constraints": {
                            "minAddressPrefixSize": "/16"
                        },
                        "options": {
                            "hideExisting": true
                        },
                        "subnets": {
                            "subnet1": {
                                "label": "Default subnet",
                                "defaultValue": {
                                    "name": "default",
                                    "addressPrefixSize": "/24"
                                },
                                "constraints": {
                                    "minAddressPrefixSize": "/24",
                                    "minAddressCount": 12,
                                    "requireContiguousAddresses": true
                                }
                            }
                        },
                        "visible": true
                    }
                ]
            }
        ],
        "outputs": {
            "location": "[location()]",
            "EnvironmentCategory": "[basics('GeneralParameterSection').EnvironmentCategory]",
            "keyVaultName": "[steps('ManagementKeyVaultConfigBlade').ManagementKeyVaultName]",
            "keyVaultSku": "[steps('ManagementKeyVaultConfigBlade').keyVaultSku]",
            "LogAnalyticsWorkspaceName": "[steps('ManagementLogAnalyticsConfigBlade').ManagementLogAnalyticsWorkspaceName]",
            "LogAnalyticsWorkspaceLocation": "[location()]",
            "LogAnalyticsWorkspaceSkuName": "[steps('ManagementLogAnalyticsConfigBlade').LogAnalyticsWorkspaceSkuName]",
            "LogAnalyticsWorkspaceLogRetentionInDays": "[steps('ManagementLogAnalyticsConfigBlade').LogAnalyticsWorkspaceLogRetentionInDays]",
            "AutomationAccountName": "[steps('ManagementAutomationAccountConfigBlade').AutomationAccountName]",
            "AutomationAccountLocation": "[location()]",
            "RecoveryServiceVaultName": "[steps('ManagementRecoveryServiceConfigBlade').RecoveryServiceVaultName]",
            "RecoveryServiceVaultSku": "[steps('ManagementRecoveryServiceConfigBlade').rsvSku]",
            "RecoveryServiceVaultStorageType": "[steps('ManagementRecoveryServiceConfigBlade').rsvStorageType]",
            "virtualNetworkName": "[steps('ManagementNetworkConfigBlade').vnet.name]",
            "addressPrefixes": "[steps('ManagementNetworkConfigBlade').vnet.addressPrefixSize]",
            "defaultSubnetName": "[steps('ManagementNetworkConfigBlade').vnet.subnets.subnet1.name]",
            "defaultSubnetAddressPrefixes": "[steps('ManagementNetworkConfigBlade').vnet.subnets.subnet1.addressPrefixSize]"
        }
    }
}