{
    "$schema": "https://schema.management.azure.com/schemas/2019-04-01/deploymentTemplate.json#",
    "contentVersion": "1.0.0.0",
    "metadata": {
        "_generator": {
            "name": "bicep",
            "version": "0.5.6.12127",
            "templateHash": "4123257040799448323"
        }
    },
    "parameters": {
        "EnvironmentCategory": {
            "type": "string",
            "defaultValue": "EnvironmentCategory"
        },
        "keyVaultName": {
            "type": "string",
            "defaultValue": "Key Vault Name"
        },
        "keyVaultSku": {
            "type": "string",
            "defaultValue": "Standard",
            "metadata": {
                "description": "Key Vault SKU name."
            }
        },
        "LogAnalyticsWorkspaceName": {
            "type": "string",
            "defaultValue": "alz-log-analytics",
            "metadata": {
                "description": "Log Analytics Workspace name. - DEFAULT VALUE: alz-log-analytics"
            }
        },
        "LogAnalyticsWorkspaceLocation": {
            "type": "string",
            "defaultValue": "[resourceGroup().location]",
            "metadata": {
                "description": "Log Analytics region name - Ensure the regions selected is a supported mapping as per: https://docs.microsoft.com/azure/automation/how-to/region-mappings - DEFAULT VALUE: resourceGroup().location"
            }
        },
        "LogAnalyticsWorkspaceSkuName": {
            "type": "string",
            "defaultValue": "PerGB2018",
            "allowedValues": [
                "CapacityReservation",
                "Free",
                "LACluster",
                "PerGB2018",
                "PerNode",
                "Premium",
                "Standalone",
                "Standard"
            ],
            "metadata": {
                "description": "Log Analytics Workspace sku name. - DEFAULT VALUE: PerGB2018"
            }
        },
        "LogAnalyticsWorkspaceLogRetentionInDays": {
            "type": "int",
            "defaultValue": 365,
            "maxValue": 730,
            "minValue": 30,
            "metadata": {
                "description": "Number of days of log retention for Log Analytics Workspace. - DEFAULT VALUE: 365"
            }
        },
        "AutomationAccountName": {
            "type": "string",
            "defaultValue": "alz-automation-account",
            "metadata": {
                "description": "Automation account name. - DEFAULT VALUE: alz-automation-account"
            }
        },
        "AutomationAccountLocation": {
            "type": "string",
            "defaultValue": "[resourceGroup().location]",
            "metadata": {
                "description": "Automation Account region name. - Ensure the regions selected is a supported mapping as per: https://docs.microsoft.com/azure/automation/how-to/region-mappings - DEFAULT VALUE: resourceGroup().location"
            }
        },
        "RecoveryServiceVaultName": {
            "type": "string"
        },
        "location": {
            "type": "string"
        },
        "RecoveryServiceVaultSku": {
            "type": "string"
        },
        "RecoveryServiceVaultStorageType": {
            "type": "string",
            "defaultValue": "LocallyRedundant",
            "allowedValues": [
                "LocallyRedundant",
                "GeoRedundant",
                "ReadAccessGeoZoneRedundant",
                "ZoneRedundant"
            ]
        },
        "virtualNetworkName": {
            "type": "string",
            "defaultValue": "my-vnet"
        },
        "defaultSubnetName": {
            "type": "string",
            "defaultValue": "default"
        },
        "addressPrefixes": {
            "type": "string",
            "defaultValue": "10.0.0.0/16"
        },
        "defaultSubnetAddressPrefixes": {
            "type": "string",
            "defaultValue": "10.0.0.0/16"
        }
    },
    "resources": [
        {
            "type": "Microsoft.Resources/deployments",
            "apiVersion": "2020-10-01",
            "name": "keynestedTemplate",
            "properties": {
                "expressionEvaluationOptions": {
                    "scope": "inner"
                },
                "mode": "Incremental",
                "parameters": {
                    "keyVaultName": {
                        "value": "[parameters('keyVaultName')]"
                    },
                    "keyVaultSku": {
                        "value": "[parameters('keyVaultSku')]"
                    },
                    "location": {
                        "value": "[parameters('location')]"
                    }
                },
                "template": {
                    "$schema": "https://schema.management.azure.com/schemas/2019-04-01/deploymentTemplate.json#",
                    "contentVersion": "1.0.0.0",
                    "metadata": {
                        "_generator": {
                            "name": "bicep",
                            "version": "0.5.6.12127",
                            "templateHash": "9221034565221733376"
                        }
                    },
                    "parameters": {
                        "keyVaultName": {
                            "type": "string"
                        },
                        "location": {
                            "type": "string"
                        },
                        "keyVaultSku": {
                            "type": "string",
                            "metadata": {
                                "description": "Key Vault SKU name."
                            }
                        }
                    },
                    "resources": [
                        {
                            "type": "Microsoft.KeyVault/vaults",
                            "apiVersion": "2019-09-01",
                            "name": "[parameters('keyVaultName')]",
                            "location": "[parameters('location')]",
                            "properties": {
                                "tenantId": "[subscription().tenantId]",
                                "sku": {
                                    "family": "A",
                                    "name": "[parameters('keyVaultSku')]"
                                },
                                "accessPolicies": []
                            }
                        }
                    ],
                    "outputs": {
                        "outKeyVaultName": {
                            "type": "string",
                            "value": "[parameters('keyVaultName')]"
                        }
                    }
                }
            }
        },
        {
            "type": "Microsoft.Resources/deployments",
            "apiVersion": "2021-04-01",
            "name": "LognestedTemplate",
            "properties": {
                "expressionEvaluationOptions": {
                    "scope": "inner"
                },
                "mode": "Incremental",
                "parameters": {
                    "AutomationAccountName": {
                        "value": "[parameters('AutomationAccountName')]"
                    },
                    "LogAnalyticsWorkspaceName": {
                        "value": "[parameters('LogAnalyticsWorkspaceName')]"
                    },
                    "LogAnalyticsWorkspaceLocation": {
                        "value": "[parameters('LogAnalyticsWorkspaceLocation')]"
                    },
                    "LogAnalyticsWorkspaceSkuName": {
                        "value": "[parameters('LogAnalyticsWorkspaceSkuName')]"
                    },
                    "LogAnalyticsWorkspaceLogRetentionInDays": {
                        "value": "[parameters('LogAnalyticsWorkspaceLogRetentionInDays')]"
                    }
                },
                "template": {
                    "$schema": "https://schema.management.azure.com/schemas/2019-04-01/deploymentTemplate.json#",
                    "contentVersion": "1.0.0.0",
                    "metadata": {
                        "_generator": {
                            "name": "bicep",
                            "version": "0.5.6.12127",
                            "templateHash": "9435539069453502326"
                        }
                    },
                    "parameters": {
                        "AutomationAccountName": {
                            "type": "string"
                        },
                        "LogAnalyticsWorkspaceName": {
                            "type": "string",
                            "metadata": {
                                "description": "Log Analytics Workspace name. - DEFAULT VALUE: alz-log-analytics"
                            }
                        },
                        "LogAnalyticsWorkspaceLocation": {
                            "type": "string",
                            "metadata": {
                                "description": "Log Analytics region name - Ensure the regions selected is a supported mapping as per: https://docs.microsoft.com/azure/automation/how-to/region-mappings - DEFAULT VALUE: resourceGroup().location"
                            }
                        },
                        "LogAnalyticsWorkspaceSkuName": {
                            "type": "string",
                            "allowedValues": [
                                "CapacityReservation",
                                "Free",
                                "LACluster",
                                "PerGB2018",
                                "PerNode",
                                "Premium",
                                "Standalone",
                                "Standard"
                            ],
                            "metadata": {
                                "description": "Log Analytics Workspace sku name. - DEFAULT VALUE: PerGB2018"
                            }
                        },
                        "LogAnalyticsWorkspaceLogRetentionInDays": {
                            "type": "int",
                            "maxValue": 730,
                            "minValue": 30,
                            "metadata": {
                                "description": "Number of days of log retention for Log Analytics Workspace. - DEFAULT VALUE: 365"
                            }
                        }
                    },
                    "resources": [
                        {
                            "type": "Microsoft.OperationalInsights/workspaces",
                            "apiVersion": "2020-08-01",
                            "name": "[parameters('LogAnalyticsWorkspaceName')]",
                            "location": "[parameters('LogAnalyticsWorkspaceLocation')]",
                            "properties": {
                                "sku": {
                                    "name": "[parameters('LogAnalyticsWorkspaceSkuName')]"
                                },
                                "retentionInDays": "[parameters('LogAnalyticsWorkspaceLogRetentionInDays')]"
                            }
                        },
                        {
                            "type": "Microsoft.OperationalInsights/workspaces/linkedServices",
                            "apiVersion": "2020-08-01",
                            "name": "[format('{0}/{1}', parameters('LogAnalyticsWorkspaceName'), 'Automation')]",
                            "properties": {
                                "resourceId": "[parameters('AutomationAccountName')]"
                            },
                            "dependsOn": [
                                "[resourceId('Microsoft.OperationalInsights/workspaces', parameters('LogAnalyticsWorkspaceName'))]"
                            ]
                        }
                    ],
                    "outputs": {
                        "outLogAnalyticsWorkspaceName": {
                            "type": "string",
                            "value": "[parameters('LogAnalyticsWorkspaceName')]"
                        },
                        "outLogAnalyticsWorkspaceId": {
                            "type": "string",
                            "value": "[resourceId('Microsoft.OperationalInsights/workspaces', parameters('LogAnalyticsWorkspaceName'))]"
                        }
                    }
                }
            },
            "dependsOn": [
                "[resourceId('Microsoft.Resources/deployments', 'automationnestedTemplate')]"
            ]
        },
        {
            "type": "Microsoft.Resources/deployments",
            "apiVersion": "2020-10-01",
            "name": "automationnestedTemplate",
            "properties": {
                "expressionEvaluationOptions": {
                    "scope": "inner"
                },
                "mode": "Incremental",
                "parameters": {
                    "AutomationAccountName": {
                        "value": "[parameters('AutomationAccountName')]"
                    },
                    "AutomationAccountLocation": {
                        "value": "[parameters('AutomationAccountLocation')]"
                    }
                },
                "template": {
                    "$schema": "https://schema.management.azure.com/schemas/2019-04-01/deploymentTemplate.json#",
                    "contentVersion": "1.0.0.0",
                    "metadata": {
                        "_generator": {
                            "name": "bicep",
                            "version": "0.5.6.12127",
                            "templateHash": "14152558865582341579"
                        }
                    },
                    "parameters": {
                        "AutomationAccountName": {
                            "type": "string"
                        },
                        "AutomationAccountLocation": {
                            "type": "string",
                            "metadata": {
                                "description": "Automation Account region name. - Ensure the regions selected is a supported mapping as per: https://docs.microsoft.com/azure/automation/how-to/region-mappings - DEFAULT VALUE: resourceGroup().location"
                            }
                        }
                    },
                    "resources": [
                        {
                            "type": "Microsoft.Automation/automationAccounts",
                            "apiVersion": "2019-06-01",
                            "name": "[parameters('AutomationAccountName')]",
                            "location": "[parameters('AutomationAccountLocation')]",
                            "properties": {
                                "sku": {
                                    "name": "Basic"
                                }
                            }
                        }
                    ],
                    "outputs": {
                        "outAutomationAccountName": {
                            "type": "string",
                            "value": "[parameters('AutomationAccountName')]"
                        }
                    }
                }
            },
            "metadata": {
                "description": "Automation Account region name. - Ensure the regions selected is a supported mapping as per: https://docs.microsoft.com/azure/automation/how-to/region-mappings - DEFAULT VALUE: resourceGroup().location"
            }
        },
        {
            "type": "Microsoft.Resources/deployments",
            "apiVersion": "2020-10-01",
            "name": "RsvnestedTemplate",
            "properties": {
                "expressionEvaluationOptions": {
                    "scope": "inner"
                },
                "mode": "Incremental",
                "parameters": {
                    "RecoveryServiceVaultName": {
                        "value": "[parameters('RecoveryServiceVaultName')]"
                    },
                    "RecoveryServiceVaultSku": {
                        "value": "[parameters('RecoveryServiceVaultSku')]"
                    },
                    "location": {
                        "value": "[parameters('location')]"
                    }
                },
                "template": {
                    "$schema": "https://schema.management.azure.com/schemas/2019-04-01/deploymentTemplate.json#",
                    "contentVersion": "1.0.0.0",
                    "metadata": {
                        "_generator": {
                            "name": "bicep",
                            "version": "0.5.6.12127",
                            "templateHash": "4906757088086714479"
                        }
                    },
                    "parameters": {
                        "RecoveryServiceVaultName": {
                            "type": "string"
                        },
                        "location": {
                            "type": "string"
                        },
                        "RecoveryServiceVaultSku": {
                            "type": "string"
                        }
                    },
                    "resources": [
                        {
                            "type": "Microsoft.RecoveryServices/vaults",
                            "apiVersion": "2021-08-01",
                            "name": "[parameters('RecoveryServiceVaultName')]",
                            "location": "[parameters('location')]",
                            "sku": {
                                "name": "[parameters('RecoveryServiceVaultSku')]"
                            },
                            "identity": {
                                "type": "SystemAssigned"
                            },
                            "properties": {}
                        }
                    ],
                    "outputs": {
                        "mgmtRecoveryServiceName": {
                            "type": "string",
                            "value": "[parameters('RecoveryServiceVaultName')]"
                        }
                    }
                }
            }
        },
        {
            "type": "Microsoft.Resources/deployments",
            "apiVersion": "2020-10-01",
            "name": "RsvconfignestedTemplate",
            "properties": {
                "expressionEvaluationOptions": {
                    "scope": "inner"
                },
                "mode": "Incremental",
                "parameters": {
                    "RecoveryServiceVaultName": {
                        "value": "[parameters('RecoveryServiceVaultName')]"
                    },
                    "RecoveryServiceVaultStorageType": {
                        "value": "[parameters('RecoveryServiceVaultStorageType')]"
                    },
                    "location": {
                        "value": "[parameters('location')]"
                    }
                },
                "template": {
                    "$schema": "https://schema.management.azure.com/schemas/2019-04-01/deploymentTemplate.json#",
                    "contentVersion": "1.0.0.0",
                    "metadata": {
                        "_generator": {
                            "name": "bicep",
                            "version": "0.5.6.12127",
                            "templateHash": "10642238113820704922"
                        }
                    },
                    "parameters": {
                        "location": {
                            "type": "string"
                        },
                        "RecoveryServiceVaultName": {
                            "type": "string"
                        },
                        "RecoveryServiceVaultStorageType": {
                            "type": "string",
                            "defaultValue": "LocallyRedundant",
                            "allowedValues": [
                                "LocallyRedundant",
                                "GeoRedundant",
                                "ReadAccessGeoZoneRedundant",
                                "ZoneRedundant"
                            ]
                        }
                    },
                    "resources": [
                        {
                            "type": "Microsoft.RecoveryServices/vaults/backupconfig",
                            "apiVersion": "2022-02-01",
                            "name": "[format('{0}/vaultconfig', parameters('RecoveryServiceVaultName'))]",
                            "location": "[parameters('location')]",
                            "properties": {
                                "softDeleteFeatureState": "Enabled",
                                "storageModelType": "[parameters('RecoveryServiceVaultStorageType')]",
                                "storageType": "[parameters('RecoveryServiceVaultStorageType')]"
                            }
                        },
                        {
                            "type": "Microsoft.RecoveryServices/vaults/backupstorageconfig",
                            "apiVersion": "2022-02-01",
                            "name": "[format('{0}/vaultstorageconfig', parameters('RecoveryServiceVaultName'))]",
                            "location": "[parameters('location')]",
                            "properties": {
                                "crossRegionRestoreFlag": false,
                                "storageModelType": "[parameters('RecoveryServiceVaultStorageType')]",
                                "storageType": "[parameters('RecoveryServiceVaultStorageType')]"
                            }
                        }
                    ]
                }
            },
            "dependsOn": [
                "[resourceId('Microsoft.Resources/deployments', 'RsvnestedTemplate')]"
            ]
        },
        {
            "type": "Microsoft.Resources/deployments",
            "apiVersion": "2020-10-01",
            "name": "managementnetworkTemplate",
            "properties": {
                "expressionEvaluationOptions": {
                    "scope": "inner"
                },
                "mode": "Incremental",
                "parameters": {
                    "virtualNetworkName": {
                        "value": "[parameters('virtualNetworkName')]"
                    },
                    "addressPrefixes": {
                        "value": "[parameters('addressPrefixes')]"
                    },
                    "location": {
                        "value": "[parameters('location')]"
                    },
                    "defaultSubnetName": {
                        "value": "[parameters('defaultSubnetName')]"
                    },
                    "defaultSubnetAddressPrefixes": {
                        "value": "[parameters('defaultSubnetAddressPrefixes')]"
                    }
                },
                "template": {
                    "$schema": "https://schema.management.azure.com/schemas/2019-04-01/deploymentTemplate.json#",
                    "contentVersion": "1.0.0.0",
                    "metadata": {
                        "_generator": {
                            "name": "bicep",
                            "version": "0.5.6.12127",
                            "templateHash": "11957119172543664497"
                        }
                    },
                    "parameters": {
                        "location": {
                            "type": "string"
                        },
                        "virtualNetworkName": {
                            "type": "string",
                            "defaultValue": "my-vnet"
                        },
                        "defaultSubnetName": {
                            "type": "string",
                            "defaultValue": "default"
                        },
                        "addressPrefixes": {
                            "type": "string",
                            "defaultValue": "10.0.0.0/16"
                        },
                        "defaultSubnetAddressPrefixes": {
                            "type": "string",
                            "defaultValue": "10.0.0.0/16"
                        }
                    },
                    "resources": [
                        {
                            "type": "Microsoft.Network/virtualNetworks",
                            "apiVersion": "2019-11-01",
                            "name": "[parameters('virtualNetworkName')]",
                            "location": "[parameters('location')]",
                            "properties": {
                                "addressSpace": {
                                    "addressPrefixes": [
                                        "[parameters('addressPrefixes')]"
                                    ]
                                },
                                "subnets": [
                                    {
                                        "name": "[parameters('defaultSubnetName')]",
                                        "properties": {
                                            "addressPrefix": "[parameters('defaultSubnetAddressPrefixes')]"
                                        }
                                    }
                                ]
                            }
                        }
                    ],
                    "outputs": {
                        "vnetName": {
                            "type": "string",
                            "value": "[parameters('virtualNetworkName')]"
                        },
                        "subnet1ResourceId": {
                            "type": "string",
                            "value": "[resourceId('Microsoft.Network/virtualNetworks/subnets', parameters('virtualNetworkName'), parameters('defaultSubnetName'))]"
                        }
                    }
                }
            }
        }
    ]
}